"","serial_number","time_day","smart_1_normalized_mean","smart_3_normalized_mean","smart_5_normalized_mean","smart_7_normalized_mean","smart_192_normalized_mean","smart_193_normalized_mean","smart_194_normalized_mean","smart_197_normalized_mean","smart_198_normalized_mean","smart_1_normalized_delta_skew","smart_3_normalized_delta_skew","smart_5_normalized_delta_skew","smart_7_normalized_delta_skew","smart_192_normalized_delta_skew","smart_193_normalized_delta_skew","smart_194_normalized_delta_skew","smart_197_normalized_delta_skew","smart_198_normalized_delta_skew","model_Bin","smart_1_f","smart_3_f","smart_5_f","smart_7_f","smart_192_f","smart_193_f","smart_194_f","smart_197_f","smart_198_f"
"1","WD-WCC4MKDL77ZK",366.958333333333,200,100,200,100,200,200,120,200,100,NA,-0.0177571338131916,NA,0.0232943374097202,NA,-0.0224277911089165,NA,NA,NA,"other","1","0.75","1","0.75","1","1","1","1","0.96"
"2","Z300KHN0",801.916666666667,110,91,100,85,100,93,24,100,100,NA,-0.0177571338131916,NA,0.0232943374097202,NA,-0.0224277911089165,NA,NA,NA,"ST40000DM000","0.25","0.25","0.75","0.75","0.75","0.75","0.75","0.75","0.96"
"3","Z3015V4D",674.041666666667,115,92,100,77,100,64,27,100,100,NA,-0.0177571338131916,NA,0.0232943374097202,NA,-0.0224277911089165,NA,NA,NA,"ST40000DM000","0.5","0.25","0.75","0.25","0.75","0.25","0.75","0.75","0.96"
"4","W3006E5B",872.041666666667,117,91,100,87,100,63,22,100,100,NA,-0.0177571338131916,NA,0.0232943374097202,NA,-0.0224277911089165,NA,NA,NA,"ST40000DM000","1","0.25","0.75","0.75","0.75","0.25","0.25","0.75","0.96"
"5","S301146W",259.458333333333,113.333333333333,97,100,84,100,91,21,81,81,NA,-0.0177571338131916,NA,0.0232943374097202,NA,-0.0224277911089165,NA,NA,NA,"ST40000DM000","0.25","0.75","0.75","0.25","0.75","0.75","0.25","0.75","0.01"
"6","Z3025LCN",422.333333333333,117.666666666667,97,100,86,100,96,33.3333333333333,100,100,NA,-0.0177571338131916,NA,0.0232943374097202,NA,-0.0224277911089165,NA,NA,NA,"ST40000DM000","1","0.75","0.75","0.75","0.75","0.75","0.75","0.75","0.96"
"7","PL1301LAG3594H",1027.58333333333,67,126,91,100,100,100,230,100,100,NA,-0.0177571338131916,NA,0.0232943374097202,NA,-0.0224277911089165,NA,NA,NA,"other","0.25","1","0.75","0.75","0.75","1","1","0.75","0.96"
"8","Z300GPY9",902.833333333333,113.666666666667,93,100,87,100,97.6666666666667,21.6666666666667,100,100,NA,-0.0177571338131916,NA,0.0232943374097202,NA,-0.0224277911089165,NA,NA,NA,"ST40000DM000","0.25","0.5","0.75","0.75","0.75","0.75","0.25","0.75","0.96"
"9","Z302A14M",354.166666666667,117,92,100,86,100,95,26,100,100,NA,-0.0177571338131916,NA,0.0232943374097202,NA,-0.0224277911089165,NA,NA,NA,"ST40000DM000","1","0.25","0.75","0.75","0.75","0.75","0.75","0.75","0.96"
"10","Z300WF3E",729.125,117.666666666667,91,100,72,100,89,27,100,100,NA,-0.0177571338131916,NA,0.0232943374097202,NA,-0.0224277911089165,NA,NA,NA,"ST40000DM000","1","0.25","0.75","0.25","0.75","0.75","0.75","0.75","0.96"
"11","WD-WCC4M3TTXF1Y",107.25,200,100,200,100,200,200,128,200,100,NA,-0.0177571338131916,NA,0.0232943374097202,NA,-0.0224277911089165,NA,NA,NA,"other","1","0.75","1","0.75","1","1","1","1","0.96"
"12","Z30054Q5",730.5,115,92,100,84,100,95.5,21.75,100,100,NA,-0.0177571338131916,NA,0.0232943374097202,NA,-0.0224277911089165,NA,NA,NA,"ST40000DM000","0.5","0.25","0.75","0.25","0.75","0.75","0.25","0.75","0.96"
"13","Z3025K64",445.625,118,94,100,87,100,99,18.25,100,100,NA,-0.0177571338131916,NA,0.0232943374097202,NA,-0.0224277911089165,NA,NA,NA,"ST40000DM000","1","0.5","0.75","0.75","0.75","0.75","0.25","0.75","0.96"
"14","JK1105B8GHLUBX",1884.875,99.5,116,100,100,99,99,193,100,100,NA,-0.0177571338131916,NA,0.0232943374097202,NA,-0.0224277911089165,NA,NA,NA,"other","0.25","1","0.75","0.75","0.75","0.75","1","0.75","0.96"
"15","JK11A8B9HTY23F",746.041666666667,79.6,100,92,100,96,96,232,100,100,NA,-0.0177571338131916,NA,0.0232943374097202,NA,-0.0224277911089165,NA,NA,NA,"other","0.25","0.75","0.75","0.75","0.75","0.75","1","0.75","0.96"
"16","Z304JD7V",90.375,109.4,98,100,79,100,100,29.4,100,100,NA,-0.0177571338131916,NA,0.0232943374097202,NA,-0.0224277911089165,NA,NA,NA,"ST40000DM000","0.25","0.75","0.75","0.25","0.75","1","0.75","0.75","0.96"
"17","S3007K7N",11.4166666666667,115.4,94,100,100,100,95.2,19,100,100,NA,-0.0177571338131916,NA,0.0232943374097202,NA,-0.0224277911089165,NA,NA,NA,"ST40000DM000","0.75","0.5","0.75","0.75","0.75","0.75","0.25","0.75","0.96"
"18","WD-WX11D84JN1EP",394.875,200,202,200,116.666666666667,200,200,125.333333333333,200,100,NA,-0.0177571338131916,NA,0.0232943374097202,NA,-0.0224277911089165,NA,NA,NA,"other","1","1","1","1","1","1","1","1","0.96"
"19","JK1105B8GA6AYX",1886.875,100,115,100,100,99,99,182.166666666667,100,100,NA,-0.0177571338131916,NA,0.0232943374097202,NA,-0.0224277911089165,NA,NA,NA,"other","0.25","1","0.75","0.75","0.75","0.75","1","0.75","0.96"
"20","JK11A8B9J388ZF",1763.83333333333,100,138,100,100,99,99,149.5,100,100,NA,-0.0177571338131916,NA,0.0232943374097202,NA,-0.0224277911089165,NA,NA,NA,"other","0.25","1","0.75","0.75","0.75","0.75","1","0.75","0.96"
"21","WD-WCAV39016131",1709.66666666667,200,153,200,100,200,200,101.5,200,100,NA,-0.0177571338131916,NA,0.0232943374097202,NA,-0.0224277911089165,NA,NA,NA,"other","1","1","1","0.75","1","1","1","1","0.96"
"22","Z3015CR3",737.625,113.285714285714,91,100,85,100,100,21.4285714285714,100,100,NA,-0.0177571338131916,NA,0.0232943374097202,NA,-0.0224277911089165,NA,NA,NA,"ST40000DM000","0.25","0.25","0.75","0.75","0.75","1","0.25","0.75","0.96"
"23","Z300X7EZ",754.083333333333,114.714285714286,92,100,85,100,97,30.2857142857143,100,100,NA,-0.0177571338131916,NA,0.0232943374097202,NA,-0.0224277911089165,NA,NA,NA,"ST40000DM000","0.5","0.25","0.75","0.75","0.75","0.75","0.75","0.75","0.96"
"24","W300BSKD",929.583333333333,114.285714285714,92,100,88,100,85,22.5714285714286,100,100,NA,-0.0177571338131916,NA,0.0232943374097202,NA,-0.0224277911089165,NA,NA,NA,"ST40000DM000","0.5","0.25","0.75","0.75","0.75","0.25","0.25","0.75","0.96"
"25","Z300WGAW",752.833333333333,113,92,100,86,100,100,26.8571428571429,100,100,NA,-0.0177571338131916,NA,0.0232943374097202,NA,-0.0224277911089165,NA,NA,NA,"ST40000DM000","0.25","0.25","0.75","0.75","0.75","1","0.75","0.75","0.96"
"26","W300C8F6",929.5,116.285714285714,92,100,87,100,74,24.5714285714286,100,100,NA,-0.0177571338131916,NA,0.0232943374097202,NA,-0.0224277911089165,NA,NA,NA,"ST40000DM000","1","0.25","0.75","0.75","0.75","0.25","0.75","0.75","0.96"
"27","Z303RK24",115.166666666667,115.285714285714,95,100,78,100,51.1428571428571,21.2857142857143,100,100,NA,-0.0177571338131916,NA,0.0232943374097202,NA,-0.0224277911089165,NA,NA,NA,"ST40000DM000","0.75","0.5","0.75","0.25","0.75","0.25","0.25","0.75","0.96"
"28","Z300GZ1N",905,113.571428571429,92,100,87,100,93,25,100,100,NA,-0.0177571338131916,NA,0.0232943374097202,NA,-0.0224277911089165,NA,NA,NA,"ST40000DM000","0.25","0.25","0.75","0.75","0.75","0.75","0.75","0.75","0.96"
"29","Z304HT8H",48.5833333333333,114.125,99,100,75,100,97,27.5,100,100,NA,-0.0177571338131916,NA,0.0232943374097202,NA,-0.0224277911089165,NA,NA,NA,"ST40000DM000","0.25","0.75","0.75","0.25","0.75","0.75","0.75","0.75","0.96"
"30","MJ1311YNG3AUYA",1545.625,85.625,125,100,100,99,99,208.25,100,100,NA,-0.0177571338131916,NA,0.0232943374097202,NA,-0.0224277911089165,NA,NA,NA,"other","0.25","1","0.75","0.75","0.75","0.75","1","0.75","0.96"
"31","Z300NK93",407.458333333333,113.125,92,100,87,100,89,23.125,100,100,NA,-0.0177571338131916,NA,0.0232943374097202,NA,-0.0224277911089165,NA,NA,NA,"ST40000DM000","0.25","0.25","0.75","0.75","0.75","0.75","0.25","0.75","0.96"
"32","Z300ZQYJ",701.208333333333,116.375,91,100,84,100,77,21.25,100,100,NA,-0.0177571338131916,NA,0.0232943374097202,NA,-0.0224277911089165,NA,NA,NA,"ST40000DM000","1","0.25","0.75","0.25","0.75","0.25","0.25","0.75","0.96"
"33","PL2331LAGUKVZJ",462.291666666667,100,100,100,100,100,100,253,100,100,NA,-0.0177571338131916,NA,0.0232943374097202,NA,-0.0224277911089165,NA,NA,NA,"other","0.25","0.75","0.75","0.75","0.75","1","1","0.75","0.96"
"34","PL2331LAGUJLMJ",462.291666666667,100,100,100,100,100,100,253,100,100,NA,-0.0177571338131916,NA,0.0232943374097202,NA,-0.0224277911089165,NA,NA,NA,"other","0.25","0.75","0.75","0.75","0.75","1","1","0.75","0.96"
"35","W300D36Z",931.583333333333,115.888888888889,92,100,87,100,73,21.7777777777778,100,100,NA,-0.0177571338131916,NA,0.0232943374097202,NA,-0.0224277911089165,NA,NA,NA,"ST40000DM000","0.75","0.25","0.75","0.75","0.75","0.25","0.25","0.75","0.96"
"36","W300H36V",796.25,114.555555555556,92,100,87,100,98,19.8888888888889,100,100,NA,-0.0177571338131916,NA,0.0232943374097202,NA,-0.0224277911089165,NA,NA,NA,"ST40000DM000","0.5","0.25","0.75","0.75","0.75","0.75","0.25","0.75","0.96"
"37","Z304GR9H",93.5416666666667,110.555555555556,96,100,79.6666666666667,100,100,34.8888888888889,100,100,NA,-0.0177571338131916,NA,0.0232943374097202,NA,-0.0224277911089165,NA,NA,NA,"ST40000DM000","0.25","0.5","0.75","0.25","0.75","1","0.75","0.75","0.96"
"38","MJ1311YNG2YTSA",1547.625,100,128,100,100,99,99,188.8,100,100,NA,-0.0177571338131916,NA,0.0232943374097202,NA,-0.0224277911089165,NA,NA,NA,"other","0.25","1","0.75","0.75","0.75","0.75","1","0.75","0.96"
"39","Z3014A4S",714,113.545454545455,91,100,84,100,99,34.1818181818182,100,100,-1.76476294659112,0,0,0,0,0,0.0448956686467649,0,0,"ST40000DM000","0.25","0.25","0.75","0.25","0.75","0.75","0.75","0.75","0.96"
"40","JK1101B9JP60TU",1759.54166666667,100,122,100,100,100,100,230,100,100,0,0,0,0,0,0,0,0,0,"other","0.25","1","0.75","0.75","0.75","1","1","0.75","0.96"
"41","W30068RN",879.5,115.727272727273,92,100,86,100,49,21.5454545454545,100,100,1.8249489901919,0,0,0,0,0,-2.37611199628843,0,0,"ST40000DM000","0.75","0.25","0.75","0.75","0.75","0.25","0.25","0.75","0.96"
"42","Z3041L93",115.541666666667,115.909090909091,95,100,82,100,99,29.0909090909091,100,100,-3.38275279173159,0,0,0,0,0,-0.0678425650091734,0,0,"ST40000DM000","0.75","0.5","0.75","0.25","0.75","0.75","0.75","0.75","0.96"
"43","Z300P99L",805.416666666667,114.636363636364,91,100,86.3636363636364,100,96,23.0909090909091,100,100,2.2505100634415,0,0,0,0,0,0.404061017820884,0,0,"ST40000DM000","0.5","0.25","0.75","0.75","0.75","0.75","0.25","0.75","0.96"
"44","Z3016SP1",611.666666666667,114.545454545455,92,100,87,100,87,26.5454545454545,100,100,-3.06869980323587,0,0,0,0,0,1.7320508075689,0,0,"ST40000DM000","0.5","0.25","0.75","0.75","0.75","0.75","0.75","0.75","0.96"
"45","Z3013TQV",742.833333333333,115.916666666667,91,100,85,100,99.6666666666667,17.5833333333333,100,100,-2.17696915855956,0,0,0,0,-1.3228756555323,-1.59593898217912,0,0,"ST40000DM000","0.75","0.25","0.75","0.75","0.75","0.75","0.25","0.75","0.96"
"46","Z300XE6A",742.833333333333,113.166666666667,91,100,85,100,99.6666666666667,20.6666666666667,100,100,-2.60144824634584,0,0,0,0,-1.3228756555323,0.404061017820884,0,0,"ST40000DM000","0.25","0.25","0.75","0.75","0.75","0.75","0.25","0.75","0.96"
"47","Z302FZTY",333.333333333333,114.384615384615,97,100,85,100,100,32.0769230769231,100,100,-1.47750702189676,0,0,0,0,0,-0.332052301212377,0,0,"ST40000DM000","0.5","0.75","0.75","0.75","0.75","1","0.75","0.75","0.96"
"48","JK1105B8J10GXX",1708.5,97.5714285714286,119,100,100,100,100,247.857142857143,100,100,0.671948561815627,0,0,0,0,0,1.009325143137,0,0,"other","0.25","1","0.75","0.75","0.75","1","1","0.75","0.96"
"49","Z3029FG7",365.041666666667,115.428571428571,91,100,86,100,95,24.5,100,100,-1.45716113647728,0,0,0,0,0,-1.53672249771565,0,0,"ST40000DM000","0.75","0.25","0.75","0.75","0.75","0.75","0.75","0.75","0.96"
"50","Z302G5F6",312.416666666667,116.571428571429,92,100,85,100,95,32.4285714285714,100,100,-0.233138258952765,0,0,0,0,0,0.800072045024161,0,0,"ST40000DM000","1","0.25","0.75","0.75","0.75","0.75","0.75","0.75","0.96"
"51","Z302AKVJ",353.5,114.857142857143,91,100,86,100,99,22.5714285714286,100,100,0.510807971584694,0,0,0,0,0,-2.40841043619806,0,0,"ST40000DM000","0.5","0.25","0.75","0.75","0.75","0.75","0.25","0.75","0.96"
"52","Z300GPH9",860.916666666667,115.642857142857,91,100,87,100,1,31.0714285714286,99.7857142857143,99.7857142857143,-1.93423851771999,0,0,0,0,0,0.984225347211503,-1.95103017590007,-1.95103017590007,"ST40000DM000","0.75","0.25","0.75","0.75","0.75","0.25","0.75","0.75","0.01"
"53","Z300PMK8",814.25,116.214285714286,91,100,87,100,96,23.2857142857143,100,100,-0.538316666078745,0,0,0,0,0,-1.80542855406363,0,0,"ST40000DM000","1","0.25","0.75","0.75","0.75","0.75","0.25","0.75","0.96"
"54","Z300KCMM",858.625,114.8125,91,100,89,100,54,23.5,100,100,1.34309862820449,0,0,0,0,0,0,0,0,"ST40000DM000","0.5","0.25","0.75","0.75","0.75","0.25","0.75","0.75","0.96"
"55","Z3016R9W",679.416666666667,114.8125,93,100,78.5625,100,27,25.125,100,100,1.01652671915388,0,0,-2.82842712474619,0,0,1.44016459964619,0,0,"ST40000DM000","0.5","0.5","0.75","0.25","0.75","0.25","0.75","0.75","0.96"
"56","Z300ZST1",711.166666666667,113.444444444444,91,100,84,100,91,24.3333333333333,100,100,-1.61535454494837,0,0,0,0,0,-1.77878118384472,0,0,"ST40000DM000","0.25","0.25","0.75","0.25","0.75","0.75","0.75","0.75","0.96"
"57","Z30177ZE",681.375,115,92.7777777777778,100,78.6111111111111,100,27,24.7777777777778,100,100,0.613534486572717,-1.44016459964619,0,-1.03509833901355,0,0,-1.79332878573266,0,0,"ST40000DM000","0.5","0.5","0.75","0.25","0.75","0.25","0.75","0.75","0.96"
"58","WD-WMC4N1316862",707.666666666667,200,100,200,188.888888888889,200,195,132,200,100,0,0,0,1.77878118384471,0,0,0,0,0,"other","1","0.75","1","1","1","1","1","1","0.96"
"59","Z3014P58",689.333333333333,113.166666666667,91,100,87,100,53,26.5,100,100,-1.01500927961758,0,0,0,0,0,-1.3577270894182,0,0,"ST40000DM000","0.25","0.25","0.75","0.75","0.75","0.25","0.75","0.75","0.96"
"60","Z302511Z",459.083333333333,115.555555555556,93,100,87,100,88,18.7777777777778,100,100,2.0188025519036,0,0,0,0,0,0.338616584198529,0,0,"ST40000DM000","0.75","0.5","0.75","0.75","0.75","0.75","0.25","0.75","0.96"
"61","JK11A8B9J0U7DF",1856.25,97.2222222222222,117,100,100,99,99,242.222222222222,100,100,0.68723113833436,0,0,0,0,0,0.365794818885768,0,0,"other","0.25","1","0.75","0.75","0.75","0.75","1","0.75","0.96"
"62","W300BNW1",767.875,115.555555555556,92,100,84.5555555555556,100,98,23.3888888888889,100,100,-1.59659882496668,0,0,-1.77878118384469,0,0,-4.60244225981456,0,0,"ST40000DM000","0.75","0.25","0.75","0.75","0.75","0.75","0.75","0.75","0.96"
"63","W0Q1LBWJ",793.416666666667,115.578947368421,98,100,87,100,60.7368421052632,29.6842105263158,100,100,-0.474140751181068,0,0,0,0,-0.431299609218113,1.0527555710562,0,0,"other","0.75","0.75","0.75","0.75","0.75","0.25","0.75","0.75","0.96"
"64","Z303ZWQS",127.375,115.315789473684,94.3684210526316,100,78.3157894736842,100,77.0526315789474,21.1578947368421,100,100,-0.921527089191954,0.660687472643438,0,-1.44016459964619,0,0.498585323794097,0.340851817327497,0,0,"ST40000DM000","0.75","0.5","0.75","0.25","0.75","0.25","0.25","0.75","0.96"
"65","W300SSCN",250.416666666667,113.65,99,100,84,100,100,18.6,100,100,0.348050694882474,0,0,0,0,0,-0.812403840463605,0,0,"ST40000DM000","0.25","0.75","0.75","0.25","0.75","1","0.25","0.75","0.96"
"66","WD-WCAU45178029",2401.125,200,253,199,100,200,200,123,200,200,NA,-0.0177571338131916,NA,0.0232943374097202,NA,-0.0224277911089165,NA,NA,NA,"other","1","1","1","0.75","1","1","1","1","1"
"67","S2X3XHVM",823.041666666667,115.3,99,100,84,100,57.05,24.75,100,100,-0.00365734751204716,0,0,0,0,-0.644061188719531,0.200211896001843,0,0,"other","0.75","0.75","0.75","0.25","0.75","0.25","0.75","0.75","0.96"
"68","W300R7RJ",250.416666666667,116.2,99,100,84,100,100,19.15,100,100,-1.21445590699509,0,0,0,0,0,1.95103017590007,0,0,"ST40000DM000","1","0.75","0.75","0.25","0.75","1","0.25","0.75","0.96"
"69","Z3040DVP",108.541666666667,116.7,98,100,78,100,98,26.7,100,100,1.62111625997633,0,0,0,0,0,0.06298366572977,0,0,"ST40000DM000","1","0.75","0.75","0.25","0.75","0.75","0.75","0.75","0.96"
"70","W0Q0F3BV",929.833333333333,115.2,98,100,87,100,53.3,31.65,100,100,0.0616823541479773,0,0,0,0,0.0932129838904431,0.161055548899616,0,0,"other","0.5","0.75","0.75","0.75","0.75","0.25","0.75","0.75","0.96"
"71","Z3015CEW",670.333333333333,116.380952380952,96,100,82.8095238095238,100,99,32,100,100,-0.341891090012459,0,0,0.94621181793916,0,0,0,0,0,"ST40000DM000","1","0.5","0.75","0.25","0.75","0.75","0.75","0.75","0.96"
"72","Z302AKS1",347.416666666667,116.619047619048,91,100,84.2857142857143,100,78,22.6666666666667,100,100,0.17867175289032,0,0,-1.44016459964619,0,0,-1.35027283576004,0,0,"ST40000DM000","1","0.25","0.75","0.75","0.75","0.25","0.25","0.75","0.96"
"73","Z3024W2C",439.25,115.285714285714,98,100,87,100,100,25.0952380952381,100,100,-0.409562019979612,0,0,0,0,0,-0.472053391739312,0,0,"ST40000DM000","0.75","0.75","0.75","0.75","0.75","1","0.75","0.75","0.96"
"74","W0Q26EE1",877.458333333333,114.909090909091,98,100,87,100,61.1818181818182,25,100,100,2.43557881438035,0,0,0,0,-0.264437316668794,6.57008451152011,0,0,"other","0.5","0.75","0.75","0.75","0.75","0.25","0.75","0.75","0.96"
"75","W0Q6WJGE",551.333333333333,116,98,100,85,100,85.0909090909091,32.5909090909091,100,100,0.0761424695473232,0,0,0,0,-0.788858978757906,1.71059763910462,0,0,"other","0.75","0.75","0.75","0.75","0.75","0.25","0.75","0.75","0.96"
"76","PL1311LAG3D6WH",984.416666666667,92.7272727272727,123,100,100,100,100,217.272727272727,100,100,0.115426607772361,0,0,0,0,0,-0.67036013906659,0,0,"other","0.25","1","0.75","0.75","0.75","1","1","0.75","0.96"
"77","W0Q0FNFH",874.166666666667,115.409090909091,98,100,87,100,61.9545454545455,28.5,100,100,-1.02510822220219,0,0,0,0,-0.021793917327953,1.00756969528383,0,0,"other","0.75","0.75","0.75","0.75","0.75","0.25","0.75","0.75","0.96"
"78","W0Q24X20",875.5,115.909090909091,98,100,87,100,58.1363636363636,23.7272727272727,100,100,0.0320345546819292,0,0,0,0,-0.644061188719531,0.324536706820786,0,0,"other","0.75","0.75","0.75","0.75","0.75","0.25","0.75","0.75","0.96"
"79","Z300GYM0",981,116.130434782609,91,100,84.0434782608696,100,90.8695652173913,26.6086956521739,100,100,NA,-0.0177571338131916,NA,0.0232943374097202,NA,-0.0224277911089165,NA,NA,NA,"ST40000DM000","1","0.25","0.75","0.75","0.75","0.75","0.75","0.75","0.96"
"80","W300J9JA",902.958333333333,115.652173913043,91,100,86.0434782608696,100,93.0869565217391,20.9130434782609,100,100,NA,-0.0177571338131916,NA,0.0232943374097202,NA,-0.0224277911089165,NA,NA,NA,"ST40000DM000","0.75","0.25","0.75","0.75","0.75","0.75","0.25","0.75","0.96"
"81","Z3001J37",1067.54166666667,116.521739130435,91,99,87.0434782608696,100,11,35.4347826086956,100,100,NA,-0.0177571338131916,NA,0.0232943374097202,NA,-0.0224277911089165,NA,NA,NA,"ST40000DM000","1","0.25","0.75","0.75","0.75","0.25","0.75","0.75","0.96"
"82","Z300ZSJQ",786.25,114.304347826087,91,100,84.0869565217391,100,96,23.0869565217391,100,100,NA,-0.0177571338131916,NA,0.0232943374097202,NA,-0.0224277911089165,NA,NA,NA,"ST40000DM000","0.5","0.25","0.75","0.75","0.75","0.75","0.25","0.75","0.96"
"83","PL1311LAG2B1NH",1150.79166666667,89.3913043478261,124,96.8695652173913,100,100,100,253,100,100,NA,-0.0177571338131916,NA,0.0232943374097202,NA,-0.0224277911089165,NA,NA,NA,"other","0.25","1","0.75","0.75","0.75","1","1","0.75","0.96"
"84","Z300GQAF",991.041666666667,114.739130434783,91,100,88,100,83.4347826086957,22.695652173913,100,100,NA,-0.0177571338131916,NA,0.0232943374097202,NA,-0.0224277911089165,NA,NA,NA,"ST40000DM000","0.5","0.25","0.75","0.75","0.75","0.25","0.25","0.75","0.96"
"85","Z3052Z9E",53.2083333333333,117,97,98,76,100,97,24,100,100,NA,-0.0177571338131916,NA,0.0232943374097202,NA,-0.0224277911089165,NA,NA,NA,"ST40000DM000","1","0.75","0.75","0.25","0.75","0.75","0.75","0.75","0.96"
"86","Z3015VNR",765.208333333333,115.84,91,100,81.28,100,86,24.28,100,100,NA,-0.0177571338131916,NA,0.0232943374097202,NA,-0.0224277911089165,NA,NA,NA,"ST40000DM000","0.75","0.25","0.75","0.25","0.75","0.25","0.75","0.75","0.96"
"87","W300STTQ",792.875,114.48,91,100,88.8,100,67.84,30.24,100,100,NA,-0.0177571338131916,NA,0.0232943374097202,NA,-0.0224277911089165,NA,NA,NA,"ST40000DM000","0.5","0.25","0.75","0.75","0.75","0.25","0.75","0.75","0.96"
"88","S300XR31",483.208333333333,113.666666666667,99,100,87.1851851851852,100,100,34.3333333333333,100,100,NA,-0.0177571338131916,NA,0.0232943374097202,NA,-0.0224277911089165,NA,NA,NA,"ST40000DM000","0.25","0.75","0.75","0.75","0.75","1","0.75","0.75","0.96"
"89","Z304QCQL",55.125,117.6,96,100,75.4,100,97,29.8,100,100,NA,-0.0177571338131916,NA,0.0232943374097202,NA,-0.0224277911089165,NA,NA,NA,"ST40000DM000","1","0.5","0.75","0.25","0.75","0.75","0.75","0.75","0.96"
"90","S30114J3",352.208333333333,115.592592592593,92,100,84,100,88.4444444444444,20.7037037037037,100,100,NA,-0.0177571338131916,NA,0.0232943374097202,NA,-0.0224277911089165,NA,NA,NA,"ST40000DM000","0.75","0.25","0.75","0.25","0.75","0.75","0.25","0.75","0.96"
"91","W300T1YZ",807.541666666667,115.962962962963,94.8148148148148,100,84.1851851851852,100,97,16.7777777777778,100,100,NA,-0.0177571338131916,NA,0.0232943374097202,NA,-0.0224277911089165,NA,NA,NA,"ST40000DM000","0.75","0.5","0.75","0.75","0.75","0.75","0.25","0.75","0.96"
"92","JK1105B8GHWJZX",1976.45833333333,99.5555555555556,116,100,100,99,99,247.407407407407,100,100,NA,-0.0177571338131916,NA,0.0232943374097202,NA,-0.0224277911089165,NA,NA,NA,"other","0.25","1","0.75","0.75","0.75","0.75","1","0.75","0.96"
"93","6VMX70TB",1668.33333333333,112.888888888889,100,100,86,NA,NA,29.8148148148148,100,100,NA,-0.0177571338131916,NA,0.0232943374097202,NA,-0.0224277911089165,NA,NA,NA,"other","0.25","0.75","0.75","0.75","1","0.75","0.75","0.75","0.96"
"94","Z30250H2",537.208333333333,115.185185185185,92.8148148148148,100,87,100,85,25.7037037037037,100,100,NA,-0.0177571338131916,NA,0.0232943374097202,NA,-0.0224277911089165,NA,NA,NA,"ST40000DM000","0.5","0.5","0.75","0.75","0.75","0.25","0.75","0.75","0.96"
"95","JK1171YAK2045N",2080.95833333333,95.1111111111111,115,100,100,99,99,215.259259259259,100,100,NA,-0.0177571338131916,NA,0.0232943374097202,NA,-0.0224277911089165,NA,NA,NA,"other","0.25","1","0.75","0.75","0.75","0.75","1","0.75","0.96"
"96","Z4D04BH9",370.416666666667,116,89,100,77.75,100,97.7857142857143,27.1785714285714,100,100,NA,-0.0177571338131916,NA,0.0232943374097202,NA,-0.0224277911089165,NA,NA,NA,"other","0.75","0.25","0.75","0.25","0.75","0.75","0.75","0.75","0.96"
"97","W0Q7FR76",1169.33333333333,114.821428571429,98,100,87,100,9.10714285714286,27.8214285714286,100,100,NA,-0.0177571338131916,NA,0.0232943374097202,NA,-0.0224277911089165,NA,NA,NA,"other","0.5","0.75","0.75","0.75","0.75","0.25","0.75","0.75","0.96"
"98","Z4D045CF",606.916666666667,114.857142857143,88,100,90,100,98,25.1785714285714,100,100,NA,-0.0177571338131916,NA,0.0232943374097202,NA,-0.0224277911089165,NA,NA,NA,"other","0.5","0.25","0.75","0.75","0.75","0.75","0.75","0.75","0.96"
"99","Z305C644",21.25,117,99,100,71.1666666666667,100,99,21.3333333333333,100,100,NA,-0.0177571338131916,NA,0.0232943374097202,NA,-0.0224277911089165,NA,NA,NA,"ST40000DM000","1","0.75","0.75","0.25","0.75","0.75","0.25","0.75","0.96"
"100","X4AHK052FMXB",402.333333333333,100,100,100,100,100,100,100,100,100,NA,-0.0177571338131916,NA,0.0232943374097202,NA,-0.0224277911089165,NA,NA,NA,"other","0.25","0.75","0.75","0.75","0.75","1","1","0.75","0.96"
"101","W0Q7G3SQ",1169.08333333333,115.428571428571,98,100,87,100,22.3928571428571,23.8214285714286,100,100,NA,-0.0177571338131916,NA,0.0232943374097202,NA,-0.0224277911089165,NA,NA,NA,"other","0.75","0.75","0.75","0.75","0.75","0.25","0.75","0.75","0.96"
"102","W0Q7G2SX",1170.5,115.857142857143,98,100,87,100,15.9285714285714,27.0357142857143,100,100,NA,-0.0177571338131916,NA,0.0232943374097202,NA,-0.0224277911089165,NA,NA,NA,"other","0.75","0.75","0.75","0.75","0.75","0.25","0.75","0.75","0.96"
"103","Z30251KE",538.541666666667,115.357142857143,92.9285714285714,100,87.2142857142857,100,98.1428571428571,19.7857142857143,100,100,NA,-0.0177571338131916,NA,0.0232943374097202,NA,-0.0224277911089165,NA,NA,NA,"ST40000DM000","0.75","0.5","0.75","0.75","0.75","0.75","0.25","0.75","0.96"
"104","Z305G019",21.25,108.833333333333,99,100,71.1666666666667,100,99,20.5,100,100,NA,-0.0177571338131916,NA,0.0232943374097202,NA,-0.0224277911089165,NA,NA,NA,"ST40000DM000","0.25","0.75","0.75","0.25","0.75","0.75","0.25","0.75","0.96"
"105","Z304KCC3",180.416666666667,115.464285714286,96,88.7857142857143,80.1785714285714,100,99,33.7142857142857,100,100,NA,-0.0177571338131916,NA,0.0232943374097202,NA,-0.0224277911089165,NA,NA,NA,"ST40000DM000","0.75","0.5","0.75","0.25","0.75","0.75","0.75","0.75","0.96"
"106","Z300PM99",893.166666666667,113.827586206897,91.7241379310345,100,86.2413793103448,100,87,31.4827586206897,100,100,NA,-0.0177571338131916,NA,0.0232943374097202,NA,-0.0224277911089165,NA,NA,NA,"ST40000DM000","0.25","0.25","0.75","0.75","0.75","0.75","0.75","0.75","0.96"
"107","W300B34S",1028.25,117.137931034483,92,100,88,100,94,28.1034482758621,100,100,NA,-0.0177571338131916,NA,0.0232943374097202,NA,-0.0224277911089165,NA,NA,NA,"ST40000DM000","1","0.25","0.75","0.75","0.75","0.75","0.75","0.75","0.96"
"108","Z3026YZN",444.291666666667,114.931034482759,93,100,86.2413793103448,100,99,22.551724137931,100,100,NA,-0.0177571338131916,NA,0.0232943374097202,NA,-0.0224277911089165,NA,NA,NA,"ST40000DM000","0.5","0.5","0.75","0.75","0.75","0.75","0.25","0.75","0.96"
"109","WD-WCAYUAS62352",1596.45833333333,200,137,200,100,200,200,113.689655172414,200,100,NA,-0.0177571338131916,NA,0.0232943374097202,NA,-0.0224277911089165,NA,NA,NA,"other","1","1","1","0.75","1","1","1","1","0.96"
"110","WD-WCAU45664522",2455.5,200,167,200,200,200,200,119,200,200,NA,-0.0177571338131916,NA,0.0232943374097202,NA,-0.0224277911089165,NA,NA,NA,"other","1","1","1","1","1","1","1","1","1"
"111","W3006BC2",820.875,114.866666666667,91,100,81.8,100,86,22.5,100,100,NA,-0.0177571338131916,NA,0.0232943374097202,NA,-0.0224277911089165,NA,NA,NA,"ST40000DM000","0.5","0.25","0.75","0.25","0.75","0.25","0.25","0.75","0.96"
"112","Z1Z03EWL",1144.95833333333,115.2,90,100,95.2666666666667,100,100,31.7666666666667,100,100,NA,-0.0177571338131916,NA,0.0232943374097202,NA,-0.0224277911089165,NA,NA,NA,"other","0.5","0.25","0.75","0.75","0.75","1","0.75","0.75","0.96"
"113","Z300PMEL",896.458333333333,115.741935483871,92,100,86.2903225806452,100,92.6774193548387,30.2258064516129,100,100,NA,-0.0177571338131916,NA,0.0232943374097202,NA,-0.0224277911089165,NA,NA,NA,"ST40000DM000","0.75","0.25","0.75","0.75","0.75","0.75","0.75","0.75","0.96"
"114","9VY8TCAV",1953.125,114.125,97,92.5,87,NA,NA,26.25,100,100,NA,-0.0177571338131916,NA,0.0232943374097202,NA,-0.0224277911089165,NA,NA,NA,"other","0.25","0.75","0.75","0.75","1","0.75","0.75","0.75","0.96"
"115","W300J6FX",943.666666666667,116.90625,92,100,87,100,97,21.34375,100,100,NA,-0.0177571338131916,NA,0.0232943374097202,NA,-0.0224277911089165,NA,NA,NA,"ST40000DM000","1","0.25","0.75","0.75","0.75","0.75","0.25","0.75","0.96"
"116","WD-WX71A9290300",916.666666666667,200,161.0625,200,100,200,120.21875,110.21875,200,100,NA,-0.0177571338131916,NA,0.0232943374097202,NA,-0.0224277911089165,NA,NA,NA,"other","1","1","1","0.75","1","1","1","1","0.96"
"117","W300JK91",943.625,115,96,100,87,100,97,22.5625,100,100,NA,-0.0177571338131916,NA,0.0232943374097202,NA,-0.0224277911089165,NA,NA,NA,"ST40000DM000","0.5","0.5","0.75","0.75","0.75","0.75","0.25","0.75","0.96"
"118","Z300XBVK",708.333333333333,116.264705882353,92,100,88.6176470588235,100,93,28.8529411764706,100,100,-0.998655463196683,0,0,0,0,0,-0.48409300412655,0,0,"ST40000DM000","1","0.25","0.75","0.75","0.75","0.75","0.75","0.75","0.96"
"119","WD-WMAV3K823407",1307.83333333333,200,136,200,200,200,200,102.764705882353,200,200,0,0,0,0,0,0,0.138996990130384,0,0,"other","1","1","1","1","1","1","1","1","1"
"120","Z30111VL",809.416666666667,114.794117647059,92,100,84.9705882352941,100,97,27.4117647058824,100,100,-2.08507948961508,0,0,0,0,0,-0.935414346693485,0,0,"ST40000DM000","0.5","0.25","0.75","0.75","0.75","0.75","0.75","0.75","0.96"
"121","Z3025D48",490.333333333333,115.823529411765,92,100,87,100,98.6470588235294,35.3235294117647,100,100,1.06256476972467,0,0,0,0,0,-2.21264511572893,0,0,"ST40000DM000","0.75","0.25","0.75","0.75","0.75","0.75","0.75","0.75","0.96"
"122","Z300GZ7X",1000.91666666667,114.705882352941,91.2058823529412,100,87.3529411764706,100,85.1176470588235,26.7058823529412,100,100,-0.18255011510868,0,0,0,0,0,-1.74907647553852,0,0,"ST40000DM000","0.5","0.25","0.75","0.75","0.75","0.25","0.75","0.75","0.96"
"123","S300VLF9",256.291666666667,115.058823529412,95.6470588235294,100,81.8235294117647,100,81,28.9117647058824,100,100,-0.137215391689615,0,0,2.82842712474619,0,0,-0.0821861697247975,0,0,"ST40000DM000","0.5","0.5","0.75","0.25","0.75","0.25","0.75","0.75","0.96"
"124","Z300X5WP",848.958333333333,116.117647058824,92,100,85.3529411764706,100,81.8529411764706,22.4117647058824,100,100,-0.35801977119725,0,0,0,0,3.44016459964619,-0.763762615825973,0,0,"ST40000DM000","1","0.25","0.75","0.75","0.75","0.25","0.25","0.75","0.96"
"125","S30117GS",359.375,115.558823529412,98,100,84,100,89.6764705882353,20.7647058823529,100,100,0.822207558278812,0,0,0,0,2,-2.05645872678302,0,0,"ST40000DM000","0.75","0.75","0.75","0.25","0.75","0.75","0.25","0.75","0.96"
"126","Z300W8D9",885.125,116.088235294118,91,100,85.3529411764706,100,90,22.7647058823529,100,100,-0.385731420596514,0,0,0,0,0,-0.244976973246721,0,0,"ST40000DM000","0.75","0.25","0.75","0.75","0.75","0.75","0.25","0.75","0.96"
"127","S3011FTD",360.375,114.371428571429,97.9714285714286,100,84,100,88.5142857142857,20.1428571428571,100,100,-0.447768267678802,-2.82842712474619,0,0,0,0,-4.1965121750752,0,0,"ST40000DM000","0.5","0.75","0.75","0.25","0.75","0.75","0.25","0.75","0.96"
"128","Z300GZ2B",1005.125,114.942857142857,92,100,88,100,95.2571428571429,28.1142857142857,100,100,1.74724795708157,0,0,0,0,0,-3.43700774419639,0,0,"ST40000DM000","0.5","0.25","0.75","0.75","0.75","0.75","0.75","0.75","0.96"
"129","Z30305D5",196.5,115.457142857143,97.6285714285714,100,82.1142857142857,100,98.6285714285714,24.2571428571429,100,100,-1.84926504837228,0,0,0,0,0,-1.03648188436338,0,0,"ST40000DM000","0.75","0.75","0.75","0.25","0.75","0.75","0.75","0.75","0.96"
"130","W300692Z",825.708333333333,114.428571428571,91,100,82.1142857142857,100,84.8,21.9428571428571,100,100,0.163362458946353,0,0,0,0,-0.311888168904063,-0.903507902905251,0,0,"ST40000DM000","0.5","0.25","0.75","0.25","0.75","0.25","0.25","0.75","0.96"
"131","WD-WMAV3K823369",1281.41666666667,200,139,200,200,200,200,104.666666666667,200,100,0,0,0,0,0,0,1.38399853103099,0,0,"other","1","1","1","1","1","1","1","1","0.96"
"132","WD-WCAYUEH97566",1585.45833333333,200,138,200,169.444444444444,200,200,103.472222222222,200,200,0,0,0,0,0,0,0.634463120450821,0,0,"other","1","1","1","1","1","1","1","1","1"
"133","MJ1321YNG0JKMA",1690.08333333333,83.2777777777778,123,51.7777777777778,100,99,99,198.777777777778,100,100,0.9406694748894,0,-2.77485493704123,0,0,0,2.12841076565371,0,0,"other","0.25","1","0.75","0.75","0.75","0.75","1","0.75","0.96"
"134","Z3012XB4",741.291666666667,113.277777777778,94.2222222222222,100,81.8333333333333,100,97.6111111111111,31.3055555555556,100,100,0.38624147866234,0,0,1.44016459964619,0,0,-1.67507062970326,0,0,"ST40000DM000","0.25","0.5","0.75","0.25","0.75","0.75","0.75","0.75","0.96"
"135","MJ1321YNG09HRA",1691.08333333333,99.6486486486486,121.972972972973,100,100,99,99,218.216216216216,100,100,1.20558671141844,-2.82842712474619,0,0,0,0,-1.7842127250211,0,0,"other","0.25","1","0.75","0.75","0.75","0.75","1","0.75","0.96"
"136","MJ1311YNG350KA",1613.29166666667,92.7837837837838,124,79,100,99,99,217.027027027027,100,100,-0.379376037977047,0,0,0,0,0,2.71359387607377,0,0,"other","0.25","1","0.75","0.75","0.75","0.75","1","0.75","0.96"
"137","S300Z46R",272.291666666667,114.868421052632,97,100,82.3684210526316,100,81,36.6315789473684,100,100,-0.106955184304231,0,0,0,0,0,1.63914200699601,0,0,"ST40000DM000","0.5","0.75","0.75","0.25","0.75","0.25","0.75","0.75","0.96"
"138","W300BT0J",1028.16666666667,115.105263157895,92,100,87.4210526315789,100,81,22.9473684210526,100,100,-0.831918416962719,0,0,0,0,0,0.471903582830058,0,0,"ST40000DM000","0.5","0.25","0.75","0.75","0.75","0.25","0.25","0.75","0.96"
"139","Z30262V9",547.291666666667,115.868421052632,96.5789473684211,99.1052631578947,87.3157894736842,100,99.5789473684211,24.1315789473684,100,100,1.60083332703778,0,0,0,0,0,1.51696390191767,0,0,"ST40000DM000","0.75","0.5","0.75","0.75","0.75","0.75","0.75","0.75","0.96"
"140","Z305AT4W",129.041666666667,115.384615384615,97,100,72.7179487179487,100,86.1282051282051,24.2051282051282,100,100,1.36228672585087,0,0,-0.271052370871587,0,0,-0.453081839321982,0,0,"ST40000DM000","0.75","0.75","0.75","0.25","0.75","0.75","0.75","0.75","0.96"
"141","Z300GPXK",1005.95833333333,113,92.4358974358974,100,87.4871794871795,100,84.025641025641,26.5641025641026,100,100,0.35653677703017,0,0,0,0,0,4.65190502675146,0,0,"ST40000DM000","0.25","0.5","0.75","0.75","0.75","0.25","0.75","0.75","0.96"
"142","W300BG0H",952.375,115.243902439024,91,100,87.4634146341463,100,95.6829268292683,20.0487804878049,100,100,-1.51416364110147,0,0,0,0,0.212761579501418,-1.27865693756452,0,0,"ST40000DM000","0.75","0.25","0.75","0.75","0.75","0.75","0.25","0.75","0.96"
"143","Z3015C7D",839.166666666667,115,91.3414634146341,100,85.9268292682927,100,100,35.8292682926829,100,100,0.517353268507401,0,0,0,0,0,0.0568989086014717,0,0,"ST40000DM000","0.5","0.25","0.75","0.75","0.75","1","0.75","0.75","0.96"
"144","Z300YTZ7",535.291666666667,114.780487804878,95,100,87.4634146341463,100,99,19.5121951219512,100,100,0.917872420367941,0,0,0,0,0,3.96068597907494,0,0,"ST40000DM000","0.5","0.5","0.75","0.75","0.75","0.75","0.25","0.75","0.96"
"145","Z3015CLH",840.541666666667,114.243902439024,91,100,85.3414634146341,100,81.5365853658537,20.219512195122,100,100,-1.99606369002005,0,0,2.82842712474619,0,0,1.34706556326999,0,0,"ST40000DM000","0.5","0.25","0.75","0.75","0.75","0.25","0.25","0.75","0.96"
"146","9VY8TC9H",1973.41666666667,115.390243902439,97,81.5853658536585,87,NA,NA,29.9268292682927,100,100,-0.78884123207585,0,-0.76764624910488,0,NA,-0.0224277911089165,0.940517135737181,0,0,"other","0.75","0.75","0.75","0.75","1","0.75","0.75","0.75","0.96"
"147","JK11E1B9K0M03T",930.291666666667,96.4146341463415,113.90243902439,100,100,100,100,228.780487804878,100,100,2.39678757467105,0,0,0,0,0,-0.377095814327806,0,0,"other","0.25","1","0.75","0.75","0.75","1","1","0.75","0.96"
"148","Z300XFQH",897.416666666667,115.219512195122,93,99.5365853658537,86.5365853658537,100,91,24.9756097560976,100,100,-0.357177404184321,0,0,0,0,0,1.90716041823097,0,0,"ST40000DM000","0.5","0.5","0.75","0.75","0.75","0.75","0.75","0.75","0.96"
"149","W300J7W8",919.875,114.829268292683,91,100,86.4634146341463,100,93.0243902439024,23.609756097561,100,100,-1.22318171922418,0,0,0,0,-1.15331197926193,0.0908588145680451,0,0,"ST40000DM000","0.5","0.25","0.75","0.75","0.75","0.75","0.75","0.75","0.96"
"150","W300J67N",952.25,114.024390243902,93,100,86.3414634146341,100,96,20.9024390243902,100,100,0.727451025737117,0,0,0,0,0,-0.545312198193903,0,0,"ST40000DM000","0.25","0.5","0.75","0.75","0.75","0.75","0.25","0.75","0.96"
"151","S300Z7CZ",275.291666666667,113.571428571429,97,100,82.3333333333333,100,79.4523809523809,36.0238095238095,100,100,-1.25555356783829,0,0,0,0,0.644061188719531,-0.143548493539014,0,0,"ST40000DM000","0.25","0.75","0.75","0.25","0.75","0.25","0.75","0.75","0.96"
"152","Z305LZGQ",35.2916666666667,113.9,96,99.95,73.4,100,99,24.9,100,100,-0.0142263212416101,0,-2.82842712474619,3.12705691422869,0,0,1.30430790621152,0,0,"ST40000DM000","0.25","0.5","0.75","0.25","0.75","0.75","0.75","0.75","0.96"
"153","Z305GV9E",36.2083333333333,114.857142857143,99,100,73.9523809523809,100,99,24.1428571428571,100,100,0.7823119989502,0,0,0.120659942076205,0,0,-0.172449878364592,0,0,"ST40000DM000","0.5","0.75","0.75","0.25","0.75","0.75","0.75","0.75","0.96"
"154","Z305K26M",36.25,115.428571428571,99,100,73.7619047619048,100,99,25.952380952381,100,100,0.188653073303332,0,0,1.1135970262893,0,0,-1.00612907958396,0,0,"ST40000DM000","0.75","0.75","0.75","0.25","0.75","0.75","0.75","0.75","0.96"
"155","Z305D65D",81.3333333333333,116.428571428571,96,100,78.6190476190476,100,100,28.0952380952381,100,100,0.730693498326893,0,0,-0.538593208858116,0,0,-0.0849782301063085,0,0,"ST40000DM000","1","0.5","0.75","0.25","0.75","1","0.75","0.75","0.96"
"156","S301182R",368.333333333333,115.302325581395,99,100,84.4883720930233,100,92,28.1860465116279,100,100,0.669476680087392,0,0,0,0,0,-0.43741130534847,0,0,"ST40000DM000","0.75","0.75","0.75","0.75","0.75","0.75","0.75","0.75","0.96"
"157","13H883WAS",811.5,98.0232558139535,132,100,100,100,100,237.976744186047,100,100,-0.214694007600975,0,0,0,0,0,2.38637641758535,0,0,"other","0.25","1","0.75","0.75","0.75","1","1","0.75","0.96"
"158","Z302AYPB",277.25,115.093023255814,98,100,82.8604651162791,100,79.9302325581395,27.5581395348837,100,100,-2.06493958433453,0,0,0,0,0,-1.97228338284625,0,0,"ST40000DM000","0.5","0.75","0.75","0.25","0.75","0.25","0.75","0.75","0.96"
"159","Z302FS4Q",368.333333333333,114.93023255814,99,100,84,100,89.1162790697674,32.2558139534884,100,100,2.08981589571198,0,0,0,0,-1.45113235921712,-1.16726606345451,0,0,"ST40000DM000","0.5","0.75","0.75","0.25","0.75","0.75","0.75","0.75","0.96"
"160","S300YPZV",277.166666666667,115.418604651163,98,100,82.0232558139535,100,78.6511627906977,37.1162790697674,100,100,-2.40260733899615,0,0,2.82842712474619,0,0.946211817939159,-1.58618945215582,0,0,"ST40000DM000","0.75","0.75","0.75","0.25","0.75","0.25","0.75","0.75","0.96"
"161","Z304JFAQ",153.541666666667,116.113636363636,99,100,78.5454545454545,100,96.8636363636364,26.7272727272727,100,100,0.11880406014324,0,0,0,0,1.44016459964619,-1.60182742069122,0,0,"ST40000DM000","1","0.75","0.75","0.25","0.75","0.75","0.75","0.75","0.96"
"162","WD-WXA1AA382552",205.416666666667,200,167,200,109.090909090909,200,188.431818181818,112.613636363636,200,100,0,0,0,1.26280314333225,0,0,-0.044928481723767,0,0,"other","1","1","1","1","1","1","1","1","0.96"
"163","JK1101B9GEJEUF",1980.08333333333,94.2272727272727,113,100,100,100,100,205.113636363636,100,100,0.289790788158065,0,0,0,0,0,0.88933263141688,0,0,"other","0.25","1","0.75","0.75","0.75","1","1","0.75","0.96"
"164","Z304KC0K",154.25,115.386363636364,96,100,78.4772727272727,100,97,27.4090909090909,100,100,0.2882446117461,0,0,1.06653645038503,0,0,-1.27873160310452,0,0,"ST40000DM000","0.75","0.5","0.75","0.25","0.75","0.75","0.75","0.75","0.96"
"165","WD-WMC4N2523398",597.041666666667,200,178,200,100,200,200,127.022222222222,200,100,0,0,0,0,0,0,0.932455664245831,0,0,"other","1","1","1","0.75","1","1","1","1","0.96"
"166","Z300GZDQ",984.625,114.521739130435,92.9130434782609,100,87.304347826087,100,98,19.5869565217391,100,100,0.827409746026533,0,0,-1.44016459964619,0,0,0.596298936063326,0,0,"ST40000DM000","0.5","0.5","0.75","0.75","0.75","0.75","0.25","0.75","0.96"
"167","Z3015L8T",758.375,115.869565217391,94.9565217391304,100,83.3913043478261,100,100,29.9130434782609,100,100,-0.0897336924962879,-1.44016459964619,0,0,0,0,0.959038819207945,0,0,"ST40000DM000","0.75","0.5","0.75","0.25","0.75","1","0.75","0.75","0.96"
"168","Z304KCS4",170.5,115.021276595745,96,100,79.4468085106383,100,95,29.7659574468085,100,100,0.118795307059485,0,0,0,0,0,-0.170314121283755,0,0,"ST40000DM000","0.5","0.5","0.75","0.25","0.75","0.75","0.75","0.75","0.96"
"169","WD-WCC4N0397882",712.416666666667,200,178.021276595745,200,100,200,123.978723404255,125.787234042553,200,100,0,2.82842712474619,0,0,0,-2.82842712474619,-0.0137150412356117,0,0,"other","1","1","1","0.75","1","1","1","1","0.96"
"170","WD-WCC4N5AHPH31",0.583333333333333,100,100,200,100,200,200,127,200,100,NA,-0.0177571338131916,NA,0.0232943374097202,NA,-0.0224277911089165,NA,NA,NA,"other","0.25","0.75","1","0.75","1","1","1","1","0.96"
"171","Z1Z05984",1074.70833333333,114.659574468085,90,100,94.531914893617,100,100,30.468085106383,100,100,-1.67637269366549,0,0,0,0,0,-3.74165738677392,0,0,"other","0.5","0.25","0.75","0.75","0.75","1","0.75","0.75","0.96"
"172","WD-WMC4N0727496",186.125,200,100,200,100,200,200,124.791666666667,200,100,0,0,0,0,0,0,-0.085499388511293,0,0,"other","1","0.75","1","0.75","1","1","1","1","0.96"
"173","WD-WCAV3E973409",1533.29166666667,200,135,200,200,200,200,112.541666666667,200,100,0,0,0,0,0,0,1.1887314491787,0,0,"other","1","1","1","1","1","1","1","1","0.96"
"174","WD-WCAV3E974559",1500.95833333333,200,133,200,200,200,200,116.979166666667,200,200,0,0,0,0,0,0,1.61355312457629,0,0,"other","1","1","1","1","1","1","1","1","1"
"175","Z300GQ25",986.625,115.541666666667,92.8333333333333,100,87.5416666666667,100,98,22.3541666666667,100,100,-0.15580599595852,0,0,0,0,0,-0.182138083684738,0,0,"ST40000DM000","0.75","0.5","0.75","0.75","0.75","0.75","0.25","0.75","0.96"
"176","WD-WCC4N0968565",321.166666666667,200,101.604166666667,200,100,200,200,123.8125,200,100,0,2.82842712474619,0,0,0,0,0.0516691002826359,0,0,"other","1","1","1","0.75","1","1","1","1","0.96"
"177","Z300XNXP",839.25,116.265306122449,91,100,82.2448979591837,100,88,34.5510204081633,100,100,0.730751357280752,0,0,-2.82842712474619,0,0,-1.7636271531156,0,0,"ST40000DM000","1","0.25","0.75","0.25","0.75","0.75","0.75","0.75","0.96"
"178","WD-WMAV3J935956",1472.66666666667,200,136,200,200,200,200,112.163265306122,200,200,0,0,0,0,0,0,0.557705259299211,0,0,"other","1","1","1","1","1","1","1","1","1"
"179","WD-WMAV3J935957",1473.04166666667,200,134,200,200,200,200,113.122448979592,200,100,0,0,0,0,0,0,1.41348145514446,0,0,"other","1","1","1","1","1","1","1","1","0.96"
"180","W3005VKC",402.5,115.081632653061,91.734693877551,100,87,100,97,24.6122448979592,100,100,-0.6988717911359,0,0,0,0,0,-1.59295888585489,0,0,"ST40000DM000","0.5","0.25","0.75","0.75","0.75","0.75","0.75","0.75","0.96"
"181","PL1331LAHE0WLH",7.41666666666667,100,105.4,80.8,100,100,100,232,80.2,100,NA,-0.0177571338131916,NA,0.0232943374097202,NA,-0.0224277911089165,NA,NA,NA,"other","0.25","1","0.75","0.75","0.75","1","1","0.75","0.96"
"182","Z300GQCN",1016.04166666667,115.142857142857,92.4489795918367,100,88,100,95,21.5102040816327,100,100,0.538322091768973,0,0,0,0,0,1.38225812820799,0,0,"ST40000DM000","0.5","0.5","0.75","0.75","0.75","0.75","0.25","0.75","0.96"
"183","WD-WMAV3J875025",1478.25,200,135.551020408163,200,200,200,200,108.795918367347,200,100,0,0,0,0,0,0,0.00950658965819146,0,0,"other","1","1","1","1","1","1","1","1","0.96"
"184","WD-WMAV3J877125",1471.70833333333,200,138,200,200,200,200,112.979591836735,200,100,0,0,0,0,0,0,-1.3446107577258,0,0,"other","1","1","1","1","1","1","1","1","0.96"
"185","Z300ZRW5",811.041666666667,115.877551020408,91,100,84.6938775510204,100,83,20.4285714285714,100,100,-0.349206139844129,0,0,-2.82842712474619,0,0,0.0293020518681938,0,0,"ST40000DM000","0.75","0.25","0.75","0.75","0.75","0.25","0.25","0.75","0.96"
"186","Z300X1K0",830.291666666667,114.12,91,100,81.46,100,96,35.66,99.84,99.84,0.338188119095417,0,0,0,0,0,-1.02607762385016,0,0,"ST40000DM000","0.25","0.25","0.75","0.25","0.75","0.75","0.75","0.75","0.01"
"187","WD-WCAMD1671734",2822.66666666667,200,167,200,160,NA,NA,112.42,200,200,0,0,0,0,NA,-0.0224277911089165,-1.44480085717609,0,0,"other","1","1","1","1","1","0.75","1","1","1"
"188","Z300T6ZF",840.25,115.38,91,100,82.02,100,86,31.82,100,100,0.386096421197546,0,0,0,0,0,-0.321615141881688,0,0,"ST40000DM000","0.75","0.25","0.75","0.25","0.75","0.25","0.75","0.75","0.96"
"189","JK1101B9JPVHXF",1797,99.88,114,96,100,100,100,181.48,100,100,1.21406731419912,0,0,0,0,0,-0.121015954408137,0,0,"other","0.25","1","0.75","0.75","0.75","1","1","0.75","0.96"
"190","W300CWLM",945.833333333333,115.4,92,100,86.56,100,93.02,28.44,100,100,0.744492896656094,0,0,0,0,0,5.1232481861154,0,0,"ST40000DM000","0.75","0.25","0.75","0.75","0.75","0.75","0.75","0.75","0.96"
"191","Z300XD1D",867,116.411764705882,91.1372549019608,100,86.1372549019608,100,97,29.0980392156863,100,100,0.477058424497962,0,0,0,0,0,-1.1657029075484,0,0,"ST40000DM000","1","0.25","0.75","0.75","0.75","0.75","0.75","0.75","0.96"
"192","W0Q7G3WK",1225.79166666667,115.333333333333,98,100,87,100,23.2549019607843,30.1176470588235,100,100,1.47642181699945,0,0,0,0,0,0.319524481898745,0,0,"other","0.75","0.75","0.75","0.75","0.75","0.25","0.75","0.75","0.96"
"193","W0Q7G3JM",1190.83333333333,115.686274509804,98,100,87,100,5.98039215686275,25.2352941176471,100,100,-0.745006296077757,0,0,0,0,0,0,0,0,"other","0.75","0.75","0.75","0.75","0.75","0.25","0.75","0.75","0.96"
"194","S300XRCA",348.25,115.078431372549,98,100,83.6274509803922,100,82.8235294117647,23.6274509803922,100,100,1.36367044305994,0,0,0,0,-0.0235375934826829,0.925197185250984,0,0,"ST40000DM000","0.5","0.75","0.75","0.25","0.75","0.25","0.75","0.75","0.96"
"195","W0Q7D8BK",1223,115.352941176471,98,100,87,100,26.7254901960784,27.0196078431373,100,100,-0.419626405095492,0,0,0,0,-0.644061188719531,1.93918396346562,0,0,"other","0.75","0.75","0.75","0.75","0.75","0.25","0.75","0.75","0.96"
"196","W0Q7G36S",1225.70833333333,115.294117647059,98,100,87,100,3.70588235294118,28.6862745098039,100,100,2.23598728468653,0,0,0,0,0,-2.29482106136921,0,0,"other","0.75","0.75","0.75","0.75","0.75","0.25","0.75","0.75","0.96"
"197","Z3025KHS",531.208333333333,115.627450980392,98,100,86.5686274509804,100,96,32.3725490196078,100,100,-0.120773704391129,0,0,0,0,0,0.38652407207483,0,0,"ST40000DM000","0.75","0.75","0.75","0.75","0.75","0.75","0.75","0.75","0.96"
"198","W0Q6GWHX",1242.75,114.235294117647,98,100,87,100,19.4117647058824,28.6862745098039,100,100,-0.0075502228395492,0,0,0,0,1.06653645038507,-2.80011053547423,0,0,"other","0.5","0.75","0.75","0.75","0.75","0.25","0.75","0.75","0.96"
"199","Z304R6NY",79.1666666666667,115.413793103448,97,100,77.2758620689655,100,97,24.1379310344828,100,100,1.42272539703954,0,0,0,0,0,-1.11249022176138,0,0,"ST40000DM000","0.75","0.75","0.75","0.25","0.75","0.75","0.75","0.75","0.96"
"200","Z30250YD",531.208333333333,114.823529411765,98,100,86.5686274509804,100,96,32.4901960784314,100,100,-0.0839561272681473,0,0,0,0,0,0.0746359031707671,0,0,"ST40000DM000","0.5","0.75","0.75","0.75","0.75","0.75","0.75","0.75","0.96"
"201","W0Q6KWV8",1244.33333333333,114.627450980392,98,95,81,100,27.3725490196078,25.7450980392157,100,100,-0.405723997743354,0,0,0,0,0,0.0482386375292575,0,0,"other","0.5","0.75","0.75","0.25","0.75","0.25","0.75","0.75","0.96"
"202","S300XP36",348.25,115.549019607843,98,100,84,100,82.921568627451,22.2941176470588,100,100,-0.602388450719696,0,0,0,0,0.192469674535306,0.344631773098215,0,0,"ST40000DM000","0.75","0.75","0.75","0.25","0.75","0.25","0.25","0.75","0.96"
"203","W300T2RC",818.875,116.450980392157,91,100,89,100,70.5098039215686,34,100,100,2.19221726438303,0,0,0,0,0,0.488900593236601,0,0,"ST40000DM000","1","0.25","0.75","0.75","0.75","0.25","0.75","0.75","0.96"
"204","Z302A13D",447.291666666667,114.884615384615,97,100,85.1730769230769,100,77.5576923076923,19.9807692307692,100,100,0.760178271866107,0,0,0,0,0,1.71979002624593,0,0,"ST40000DM000","0.5","0.75","0.75","0.75","0.75","0.25","0.25","0.75","0.96"
"205","JK11A8B9J90WMF",1910.79166666667,100,118,100,100,99.9615384615385,99.9615384615385,146.961538461538,100,100,0,0,0,0,-1.44016459964619,-1.44016459964619,2.910144540178,0,0,"other","0.25","1","0.75","0.75","0.75","0.75","1","0.75","0.96"
